rotation x,rotation y,rotation z,rotation w,x,y,z,image name,camera model,width,height,focal length x,focal length y,additional data 1,additional data 2
00001.jpg,1,1,3,1.40281,0.875357,1090,"data/train/images/00001.jpg",545,980,0.876134,0.0692596,0.477066,-0.0474742,0.997211,-0.0575867,0.0692596,0.477066,0.830724,0.830724,0.423304,4.7202,1959,
00002.jpg,1,1,3,1.40281,0.875357,1090,"data/train/images/00002.jpg",545,980,0.896992,0.0652522,0.437204,-0.0450827,0.997392,-0.0563655,0.0652522,0.437204,1.03796,1.03796,0.420175,4.67805,1959,
00003.jpg,1,1,3,1.40281,0.875357,1090,"data/train/images/00003.jpg",545,980,0.917068,0.060981,0.394041,-0.042373,0.997545,-0.0557615,0.060981,0.394041,1.21976,1.21976,0.415615,4.59343,1959,
00004.jpg,1,1,3,1.40281,0.875357,1090,"data/train/images/00004.jpg",545,980,0.976368,0.0444515,0.211494,-0.0347638,0.998178,-0.0493077,0.0444515,0.211494,1.94676,1.94676,0.381221,4.17986,1959,
00005.jpg,1,1,3,1.40281,0.875357,1090,"data/train/images/00005.jpg",545,980,0.996778,0.0289128,0.0748239,-0.0227919,0.996421,-0.0814022,0.0289128,0.0748239,2.38942,2.38942,0.473938,3.76489,1959,
00006.jpg,1,1,3,1.40281,0.875357,1090,"data/train/images/00006.jpg",545,980,0.999594,0.00653127,-0.0277344,-0.00887487,0.996321,-0.085238,0.00653127,-0.0277344,2.7629,2.7629,0.429841,3.46766,1959,
00007.jpg,1,1,3,1.40281,0.875357,1090,"data/train/images/00007.jpg",545,980,0.997247,-0.00944916,-0.0735456,0.00267356,0.995784,-0.0916862,-0.00944916,-0.0735456,2.9276,2.9276,0.406208,3.33172,1959,
00008.jpg,1,1,3,1.40281,0.875357,1090,"data/train/images/00008.jpg",545,980,0.999769,-0.00978946,-0.0191535,0.00783241,0.994986,-0.0997089,-0.00978946,-0.0191535,2.72888,2.72888,0.423012,3.48928,1959,
00009.jpg,1,1,3,1.40281,0.875357,1090,"data/train/images/00009.jpg",545,980,0.998273,-0.0119287,-0.0575193,0.00650614,0.995593,-0.0935553,-0.0119287,-0.0575193,2.72788,2.72788,0.403734,3.44882,1959,
00010.jpg,1,1,3,1.40281,0.875357,1090,"data/train/images/00010.jpg",545,980,0.994777,-0.0229285,-0.0994603,0.0142365,0.996086,-0.0872365,-0.0229285,-0.0994603,2.70515,2.70515,0.356146,3.35932,1959,
00011.jpg,1,1,3,1.40281,0.875357,1090,"data/train/images/00011.jpg",545,980,0.953269,-0.044247,-0.298865,0.0266587,0.997678,-0.0626748,-0.044247,-0.298865,3.10511,3.10511,0.204195,2.782,1959,
00012.jpg,1,1,3,1.40281,0.875357,1090,"data/train/images/00012.jpg",545,980,0.971535,-0.0214381,-0.235925,0.0385088,0.996943,0.0679875,-0.0214381,-0.235925,2.70173,2.70173,-0.147072,2.90657,1959,
00013.jpg,1,1,3,1.40281,0.875357,1090,"data/train/images/00013.jpg",545,980,0.98644,-0.00793521,-0.163929,0.0263818,0.993508,0.11066,-0.00793521,-0.163929,2.27344,2.27344,-0.220287,3.02215,1959,
00014.jpg,1,1,3,1.40281,0.875357,1090,"data/train/images/00014.jpg",545,980,0.99656,-0.000987017,-0.0828725,0.00697901,0.997377,0.0720453,-0.000987017,-0.0828725,1.79656,1.79656,-0.0502693,3.12175,1959,
00015.jpg,1,1,3,1.40281,0.875357,1090,"data/train/images/00015.jpg",545,980,0.999913,0.00714367,-0.0111275,-0.0077815,0.998264,-0.058373,0.00714367,-0.0111275,1.28828,1.28828,0.404441,3.16455,1959,
00016.jpg,1,1,3,1.40281,0.875357,1090,"data/train/images/00016.jpg",545,980,0.999458,0.0154308,0.0290742,-0.0129625,0.996444,-0.0832488,0.0154308,0.0290742,0.908485,0.908485,0.582799,3.07449,1959,
00017.jpg,1,1,3,1.40281,0.875357,1090,"data/train/images/00017.jpg",545,980,0.999881,0.0137424,-0.00696055,-0.0142684,0.996513,-0.0822093,0.0137424,-0.00696055,0.785909,0.785909,0.587508,2.89284,1959,
00018.jpg,1,1,3,1.40281,0.875357,1090,"data/train/images/00018.jpg",545,980,0.999961,0.00833812,-0.00292187,-0.00855601,0.996357,-0.0848544,0.00833812,-0.00292187,0.557737,0.557737,0.511184,2.86639,1959,
00019.jpg,1,1,3,1.40281,0.875357,1090,"data/train/images/00019.jpg",545,980,0.9983,0.012114,0.0570104,-0.00628337,0.99483,-0.101361,0.012114,0.0570104,0.174883,0.174883,0.479635,2.79662,1959,
00020.jpg,1,1,3,1.40281,0.875357,1090,"data/train/images/00020.jpg",545,980,0.994595,0.0177282,0.102308,-0.00672706,0.994248,-0.106889,0.0177282,0.102308,-0.155915,-0.155915,0.412676,2.67433,1959,
00021.jpg,1,1,3,1.40281,0.875357,1090,"data/train/images/00021.jpg",545,980,0.985622,0.0160051,0.168203,-0.0057593,0.998107,-0.0612256,0.0160051,0.168203,-0.607436,-0.607436,0.243695,2.63652,1959,
00022.jpg,1,1,3,1.40281,0.875357,1090,"data/train/images/00022.jpg",545,980,0.969734,-0.0220945,0.243161,-0.0129528,0.98984,0.141597,-0.0220945,0.243161,-1.00185,-1.00185,-0.309766,2.43144,1959,
00023.jpg,1,1,3,1.40281,0.875357,1090,"data/train/images/00023.jpg",545,980,0.94904,-0.0255231,0.314119,-0.0315727,0.984001,0.175343,-0.0255231,0.314119,-1.3929,-1.3929,-0.347837,2.08083,1959,
00024.jpg,1,1,3,1.40281,0.875357,1090,"data/train/images/00024.jpg",545,980,0.922266,-0.0188168,0.386097,-0.0506092,0.98434,0.168862,-0.0188168,0.386097,-1.80748,-1.80748,-0.283974,1.82648,1959,
00025.jpg,1,1,3,1.40281,0.875357,1090,"data/train/images/00025.jpg",545,980,0.920865,0.00120106,0.38988,-0.0629821,0.98732,0.145717,0.00120106,0.38988,-2.02912,-2.02912,-0.152594,1.66439,1959,
00026.jpg,1,1,3,1.40281,0.875357,1090,"data/train/images/00026.jpg",545,980,0.954334,0.0619162,0.292255,-0.0724395,0.997052,0.0253128,0.0619162,0.292255,-2.02716,-2.02716,0.0598705,1.69561,1959,
00027.jpg,1,1,3,1.40281,0.875357,1090,"data/train/images/00027.jpg",545,980,0.997605,0.0655556,-0.0220752,-0.0656043,0.997845,-0.00148593,0.0655556,-0.0220752,-1.50772,-1.50772,0.11535,2.23688,1959,
00028.jpg,1,1,3,1.40281,0.875357,1090,"data/train/images/00028.jpg",545,980,0.947611,0.0321403,-0.317806,-0.0304843,0.999483,0.0101839,0.0321403,-0.317806,-0.77297,-0.77297,0.152871,2.59102,1959,
00029.jpg,1,1,3,1.40281,0.875357,1090,"data/train/images/00029.jpg",545,980,0.809488,-0.00870964,-0.587072,0.0155149,0.999858,0.00655913,-0.00870964,-0.587072,0.0965269,0.0965269,0.180407,2.70081,1959,
00030.jpg,1,1,3,1.40281,0.875357,1090,"data/train/images/00030.jpg",545,980,0.618015,-0.0422922,-0.785028,0.0580662,0.99828,-0.00806818,-0.0422922,-0.785028,0.860192,0.860192,0.166013,2.54413,1959,
00031.jpg,1,1,3,1.40281,0.875357,1090,"data/train/images/00031.jpg",545,980,0.515781,-0.0679546,-0.854021,0.0890886,0.995699,-0.0254234,-0.0679546,-0.854021,1.12951,1.12951,0.116723,2.44086,1959,
00032.jpg,1,1,3,1.40281,0.875357,1090,"data/train/images/00032.jpg",545,980,0.440321,-0.0777599,-0.894467,0.102716,0.994064,-0.0358541,-0.0777599,-0.894467,1.20322,1.20322,0.083332,2.333,1959,
00033.jpg,1,1,3,1.40281,0.875357,1090,"data/train/images/00033.jpg",545,980,0.246699,-0.0837019,-0.965471,0.113437,0.991908,-0.0570082,-0.0837019,-0.965471,1.56523,1.56523,0.086883,2.19712,1959,
00034.jpg,1,1,3,1.40281,0.875357,1090,"data/train/images/00034.jpg",545,980,0.27982,-0.0892363,-0.955896,0.122795,0.99082,-0.0565508,-0.0892363,-0.955896,1.23739,1.23739,0.111127,2.3843,1959,
00035.jpg,1,1,3,1.40281,0.875357,1090,"data/train/images/00035.jpg",545,980,0.23363,-0.0838477,-0.968703,0.120792,0.99106,-0.0566503,-0.0838477,-0.968703,1.21875,1.21875,0.157623,2.55358,1959,
00036.jpg,1,1,3,1.40281,0.875357,1090,"data/train/images/00036.jpg",545,980,0.182812,-0.0806207,-0.979837,0.119376,0.991078,-0.0592731,-0.0806207,-0.979837,1.21264,1.21264,0.185184,2.737,1959,
00037.jpg,1,1,3,1.40281,0.875357,1090,"data/train/images/00037.jpg",545,980,0.253676,-0.078812,-0.964073,0.117657,0.991789,-0.0501187,-0.078812,-0.964073,0.887286,0.887286,0.19648,2.96526,1959,
00038.jpg,1,1,3,1.40281,0.875357,1090,"data/train/images/00038.jpg",545,980,0.300958,-0.0674834,-0.951247,0.114051,0.992881,-0.0343533,-0.0674834,-0.951247,0.500142,0.500142,0.219345,3.16286,1959,
00039.jpg,1,1,3,1.40281,0.875357,1090,"data/train/images/00039.jpg",545,980,0.250868,-0.0599851,-0.966161,0.110187,0.993361,-0.0330634,-0.0599851,-0.966161,0.482706,0.482706,0.21383,3.32792,1959,
00040.jpg,1,1,3,1.40281,0.875357,1090,"data/train/images/00040.jpg",545,980,0.214862,-0.056499,-0.975009,0.104466,0.993927,-0.034574,-0.056499,-0.975009,0.607321,0.607321,0.224825,3.58655,1959,
00041.jpg,1,1,3,1.40281,0.875357,1090,"data/train/images/00041.jpg",545,980,0.234129,-0.0296833,-0.971752,0.102708,0.994696,-0.0056381,-0.0296833,-0.971752,0.46185,0.46185,0.139836,3.87003,1959,
00042.jpg,1,1,3,1.40281,0.875357,1090,"data/train/images/00042.jpg",545,980,0.301909,2.2538e-05,-0.953337,0.100873,0.994386,0.0319687,2.2538e-05,-0.953337,0.0265453,0.0265453,0.0609588,4.08157,1959,
00043.jpg,1,1,3,1.40281,0.875357,1090,"data/train/images/00043.jpg",545,980,0.360588,0.00732936,-0.932696,0.0942199,0.994568,0.0442418,0.00732936,-0.932696,-0.366282,-0.366282,0.0558274,4.25223,1959,
00044.jpg,1,1,3,1.40281,0.875357,1090,"data/train/images/00044.jpg",545,980,0.444718,0.0103355,-0.895611,0.0844554,0.994994,0.053419,0.0103355,-0.895611,-0.779275,-0.779275,0.0706902,4.23118,1959,
00045.jpg,1,1,3,1.40281,0.875357,1090,"data/train/images/00045.jpg",545,980,0.57372,0.00610894,-0.819028,0.0743722,0.995453,0.0595217,0.00610894,-0.819028,-1.43298,-1.43298,0.0999094,4.06415,1959,
00046.jpg,1,1,3,1.40281,0.875357,1090,"data/train/images/00046.jpg",545,980,0.648972,0.00200185,-0.760809,0.0661249,0.996064,0.0590256,0.00200185,-0.760809,-1.81969,-1.81969,0.228621,3.8849,1959,
00047.jpg,1,1,3,1.40281,0.875357,1090,"data/train/images/00047.jpg",545,980,0.701866,-0.012099,-0.712207,0.0592536,0.997382,0.0414498,-0.012099,-0.712207,-2.10455,-2.10455,0.372694,3.71561,1959,
00048.jpg,1,1,3,1.40281,0.875357,1090,"data/train/images/00048.jpg",545,980,0.739076,-0.0222267,-0.673255,0.0538503,0.998206,0.0261604,-0.0222267,-0.673255,-2.31793,-2.31793,0.397128,3.5229,1959,
00049.jpg,1,1,3,1.40281,0.875357,1090,"data/train/images/00049.jpg",545,980,0.671724,-0.0157182,-0.740635,0.0556274,0.998022,0.029271,-0.0157182,-0.740635,-2.00737,-2.00737,0.271223,3.44123,1959,
00050.jpg,1,1,3,1.40281,0.875357,1090,"data/train/images/00050.jpg",545,980,0.528469,-0.0125468,-0.84886,0.0636034,0.997666,0.0248509,-0.0125468,-0.84886,-1.50681,-1.50681,0.18564,3.49143,1959,
00051.jpg,1,1,3,1.40281,0.875357,1090,"data/train/images/00051.jpg",545,980,0.326284,-0.0140614,-0.945167,0.0771083,0.996953,0.011787,-0.0140614,-0.945167,-0.95671,-0.95671,0.124417,3.57475,1959,
00052.jpg,1,1,3,1.40281,0.875357,1090,"data/train/images/00052.jpg",545,980,0.117365,-0.0362424,-0.992427,0.0877374,0.995805,-0.0259899,-0.0362424,-0.992427,-0.375642,-0.375642,0.161761,3.76673,1959,
00053.jpg,1,1,3,1.40281,0.875357,1090,"data/train/images/00053.jpg",545,980,-0.129147,-0.0433753,-0.990676,0.0942499,0.993983,-0.0558067,-0.0433753,-0.990676,0.374878,0.374878,0.21072,3.90448,1959,
00054.jpg,1,1,3,1.40281,0.875357,1090,"data/train/images/00054.jpg",545,980,-0.254226,-0.00998343,-0.967093,0.103537,0.993919,-0.0374778,-0.00998343,-0.967093,0.799728,0.799728,0.0854716,4.07279,1959,
00055.jpg,1,1,3,1.40281,0.875357,1090,"data/train/images/00055.jpg",545,980,-0.215337,0.00146889,-0.976539,0.11248,0.993381,-0.0233088,0.00146889,-0.976539,0.513292,0.513292,0.0546942,4.33147,1959,
00056.jpg,1,1,3,1.40281,0.875357,1090,"data/train/images/00056.jpg",545,980,-0.168176,0.00517434,-0.985743,0.116954,0.993028,-0.0147407,0.00517434,-0.985743,0.0851851,0.0851851,0.0545061,4.59125,1959,
00057.jpg,1,1,3,1.40281,0.875357,1090,"data/train/images/00057.jpg",545,980,-0.170426,0.0120708,-0.985296,0.116509,0.993158,-0.00798543,0.0120708,-0.985296,-0.114724,-0.114724,0.108636,4.83495,1959,
00058.jpg,1,1,3,1.40281,0.875357,1090,"data/train/images/00058.jpg",545,980,-0.191825,0.0192568,-0.98124,0.11563,0.993288,-0.00311152,0.0192568,-0.98124,-0.221754,-0.221754,0.15639,5.04244,1959,
00059.jpg,1,1,3,1.40281,0.875357,1090,"data/train/images/00059.jpg",545,980,-0.206957,0.0284049,-0.977938,0.11427,0.993439,0.00467261,0.0284049,-0.977938,-0.408526,-0.408526,0.121632,5.25051,1959,
00060.jpg,1,1,3,1.40281,0.875357,1090,"data/train/images/00060.jpg",545,980,-0.186597,0.0331395,-0.981877,0.109566,0.993898,0.0127232,0.0331395,-0.981877,-0.635211,-0.635211,0.0864827,5.52283,1959,
00061.jpg,1,1,3,1.40281,0.875357,1090,"data/train/images/00061.jpg",545,980,-0.120057,0.0384005,-0.992024,0.107019,0.993929,0.0255227,0.0384005,-0.992024,-1.04266,-1.04266,0.0511605,5.60832,1959,
00062.jpg,1,1,3,1.40281,0.875357,1090,"data/train/images/00062.jpg",545,980,-0.0808968,0.0101578,-0.996671,0.102567,0.994725,0.00181299,0.0101578,-0.996671,-1.1557,-1.1557,0.112307,5.31811,1959,
00063.jpg,1,1,3,1.40281,0.875357,1090,"data/train/images/00063.jpg",545,980,-0.0625818,-0.0206756,-0.997826,0.101013,0.99452,-0.0269425,-0.0206756,-0.997826,-1.05631,-1.05631,0.175427,5.00678,1959,
00064.jpg,1,1,3,1.40281,0.875357,1090,"data/train/images/00064.jpg",545,980,-0.0183918,-0.0309236,-0.999353,0.1059,0.993839,-0.032702,-0.0309236,-0.999353,-1.15824,-1.15824,0.176182,4.63737,1959,
00065.jpg,1,1,3,1.40281,0.875357,1090,"data/train/images/00065.jpg",545,980,-0.00357554,-0.0447925,-0.99899,0.107702,0.993168,-0.0449169,-0.0447925,-0.99899,-1.07454,-1.07454,0.230774,4.34466,1959,
00066.jpg,1,1,3,1.40281,0.875357,1090,"data/train/images/00066.jpg",545,980,0.0604415,-0.0592731,-0.99641,0.112589,0.99227,-0.0521973,-0.0592731,-0.99641,-1.19976,-1.19976,0.236776,3.98111,1959,
00067.jpg,1,1,3,1.40281,0.875357,1090,"data/train/images/00067.jpg",545,980,0.133914,-0.0665816,-0.988754,0.115241,0.992017,-0.0511934,-0.0665816,-0.988754,-1.30712,-1.30712,0.21343,3.63071,1959,
00068.jpg,1,1,3,1.40281,0.875357,1090,"data/train/images/00068.jpg",545,980,0.285111,0.00435774,-0.958485,0.117184,0.99233,0.0393691,0.00435774,-0.958485,-1.76398,-1.76398,-0.0953494,3.16419,1959,
00069.jpg,1,1,3,1.40281,0.875357,1090,"data/train/images/00069.jpg",545,980,0.440151,0.148748,-0.885517,0.106642,0.970544,0.216037,0.148748,-0.885517,-2.20699,-2.20699,-0.529512,2.62267,1959,
00070.jpg,1,1,3,1.40281,0.875357,1090,"data/train/images/00070.jpg",545,980,0.519909,0.11194,-0.846856,0.094855,0.97768,0.187467,0.11194,-0.846856,-2.39569,-2.39569,-0.316751,2.30268,1959,
00071.jpg,1,1,3,1.40281,0.875357,1090,"data/train/images/00071.jpg",545,980,0.435675,0.04784,-0.898832,0.0976659,0.990178,0.100042,0.04784,-0.898832,-2.24536,-2.24536,-0.0630703,2.46833,1959,
00072.jpg,1,1,3,1.40281,0.875357,1090,"data/train/images/00072.jpg",545,980,0.202415,-0.0819181,-0.975868,0.0907565,0.993776,-0.0645966,-0.0819181,-0.975868,-1.64413,-1.64413,0.29556,2.93107,1959,
00073.jpg,1,1,3,1.40281,0.875357,1090,"data/train/images/00073.jpg",545,980,-0.02692,-0.156589,-0.987297,0.0844455,0.983768,-0.158332,-0.156589,-0.987297,-0.926514,-0.926514,0.52223,3.24943,1959,
00074.jpg,1,1,3,1.40281,0.875357,1090,"data/train/images/00074.jpg",545,980,-0.0801418,-0.150427,-0.985368,0.109651,0.981217,-0.158712,-0.150427,-0.985368,-0.771918,-0.771918,0.516146,3.29625,1959,
00075.jpg,1,1,3,1.40281,0.875357,1090,"data/train/images/00075.jpg",545,980,-0.134182,-0.114065,-0.98437,0.128499,0.982964,-0.131418,-0.114065,-0.98437,-0.61984,-0.61984,0.408076,3.26218,1959,
00076.jpg,1,1,3,1.40281,0.875357,1090,"data/train/images/00076.jpg",545,980,-0.285026,-0.0840673,-0.954826,0.136068,0.98251,-0.127122,-0.0840673,-0.954826,-0.195871,-0.195871,0.361808,3.22323,1959,
00077.jpg,1,1,3,1.40281,0.875357,1090,"data/train/images/00077.jpg",545,980,-0.375885,-0.0262294,-0.926295,0.144865,0.985646,-0.0866953,-0.0262294,-0.926295,0.0891118,0.0891118,0.198824,3.19813,1959,
00078.jpg,1,1,3,1.40281,0.875357,1090,"data/train/images/00078.jpg",545,980,-0.403119,-0.0157944,-0.915011,0.14827,0.985514,-0.0823335,-0.0157944,-0.915011,0.143129,0.143129,0.241271,3.10886,1959,
00079.jpg,1,1,3,1.40281,0.875357,1090,"data/train/images/00079.jpg",545,980,-0.578801,0.000889942,-0.815469,0.137297,0.98583,-0.0963743,0.000889942,-0.815469,0.69507,0.69507,0.32347,2.98559,1959,
00080.jpg,1,1,3,1.40281,0.875357,1090,"data/train/images/00080.jpg",545,980,-0.616994,0.0019697,-0.786965,0.133923,0.985673,-0.102531,0.0019697,-0.786965,0.816642,0.816642,0.385815,2.94695,1959,
00081.jpg,1,1,3,1.40281,0.875357,1090,"data/train/images/00081.jpg",545,980,-0.55553,-0.00479278,-0.831483,0.139402,0.985293,-0.0988164,-0.00479278,-0.831483,0.517597,0.517597,0.487875,3.00007,1959,
00082.jpg,1,1,3,1.40281,0.875357,1090,"data/train/images/00082.jpg",545,980,-0.533386,-0.00944442,-0.845819,0.137272,0.985716,-0.0975724,-0.00944442,-0.845819,0.411795,0.411795,0.581116,3.01575,1959,
00083.jpg,1,1,3,1.40281,0.875357,1090,"data/train/images/00083.jpg",545,980,-0.507012,-0.0158701,-0.861793,0.136751,0.985686,-0.098605,-0.0158701,-0.861793,0.220438,0.220438,0.677679,3.03044,1959,
00084.jpg,1,1,3,1.40281,0.875357,1090,"data/train/images/00084.jpg",545,980,-0.470923,-0.0269762,-0.881762,0.13755,0.985062,-0.103598,-0.0269762,-0.881762,0.0227498,0.0227498,0.749734,3.01978,1959,
00085.jpg,1,1,3,1.40281,0.875357,1090,"data/train/images/00085.jpg",545,980,-0.432136,-0.0369766,-0.90105,0.138685,0.984548,-0.106915,-0.0369766,-0.90105,-0.196484,-0.196484,0.891979,3.00207,1959,
00086.jpg,1,1,3,1.40281,0.875357,1090,"data/train/images/00086.jpg",545,980,-0.454545,-0.0232297,-0.890421,0.13481,0.98635,-0.0945504,-0.0232297,-0.890421,-0.181114,-0.181114,0.758073,3.0723,1959,
00087.jpg,1,1,3,1.40281,0.875357,1090,"data/train/images/00087.jpg",545,980,-0.548282,0.234572,-0.802722,0.134598,0.972095,0.192132,0.234572,-0.802722,0.177928,0.177928,-0.269496,3.14995,1959,
00088.jpg,1,1,3,1.40281,0.875357,1090,"data/train/images/00088.jpg",545,980,-0.586598,0.40476,-0.701479,0.115432,0.899096,0.422258,0.40476,-0.701479,0.282295,0.282295,-1.04402,2.96327,1959,
00089.jpg,1,1,3,1.40281,0.875357,1090,"data/train/images/00089.jpg",545,980,-0.416139,0.484391,-0.769542,0.0857307,0.863431,0.49713,0.484391,-0.769542,-0.429454,-0.429454,-1.22456,2.8558,1959,
00090.jpg,1,1,3,1.40281,0.875357,1090,"data/train/images/00090.jpg",545,980,-0.261985,0.593877,-0.760706,0.0638197,0.797174,0.600368,0.593877,-0.760706,-1.0231,-1.0231,-1.46872,2.59348,1959,
00091.jpg,1,1,3,1.40281,0.875357,1090,"data/train/images/00091.jpg",545,980,-0.155275,0.602436,-0.782918,0.0443597,0.795983,0.603692,0.602436,-0.782918,-1.46922,-1.46922,-1.3327,2.44309,1959,
00092.jpg,1,1,3,1.40281,0.875357,1090,"data/train/images/00092.jpg",545,980,-0.224972,0.422394,-0.87805,0.0249127,0.903349,0.428181,0.422394,-0.87805,-1.37913,-1.37913,-0.855988,2.75143,1959,
00093.jpg,1,1,3,1.40281,0.875357,1090,"data/train/images/00093.jpg",545,980,-0.339549,0.171293,-0.924859,0.0269888,0.984647,0.172458,0.171293,-0.924859,-1.04929,-1.04929,-0.104982,3.01918,1959,
00094.jpg,1,1,3,1.40281,0.875357,1090,"data/train/images/00094.jpg",545,980,-0.355118,-0.0402514,-0.933955,0.0411073,0.997434,-0.0586174,-0.0402514,-0.933955,-1.00766,-1.00766,0.635037,2.98774,1959,
00095.jpg,1,1,3,1.40281,0.875357,1090,"data/train/images/00095.jpg",545,980,-0.396223,-0.192578,-0.897731,0.0758529,0.967548,-0.241033,-0.192578,-0.897731,-0.852292,-0.852292,1.2486,2.84317,1959,
00096.jpg,1,1,3,1.40281,0.875357,1090,"data/train/images/00096.jpg",545,980,-0.382152,-0.221508,-0.897159,0.12221,0.950205,-0.286662,-0.221508,-0.897159,-0.914022,-0.914022,1.3841,2.69117,1959,
00097.jpg,1,1,3,1.40281,0.875357,1090,"data/train/images/00097.jpg",545,980,-0.410649,-0.210529,-0.887155,0.149623,0.94423,-0.293331,-0.210529,-0.887155,-0.899578,-0.899578,1.35925,2.75216,1959,
00098.jpg,1,1,3,1.40281,0.875357,1090,"data/train/images/00098.jpg",545,980,-0.362391,-0.206868,-0.908779,0.176855,0.942079,-0.284973,-0.206868,-0.908779,-1.06807,-1.06807,1.33504,2.68169,1959,
00099.jpg,1,1,3,1.40281,0.875357,1090,"data/train/images/00099.jpg",545,980,-0.386933,-0.198016,-0.900595,0.179909,0.94169,-0.284348,-0.198016,-0.900595,-1.04726,-1.04726,1.32701,2.71529,1959,
00100.jpg,1,1,3,1.40281,0.875357,1090,"data/train/images/00100.jpg",545,980,-0.488836,-0.178773,-0.853861,0.184166,0.93557,-0.301316,-0.178773,-0.853861,-0.776301,-0.776301,1.33461,2.82902,1959,
00101.jpg,1,1,3,1.40281,0.875357,1090,"data/train/images/00101.jpg",545,980,-0.431903,-0.14167,-0.890724,0.216168,0.942542,-0.254729,-0.14167,-0.890724,-0.986754,-0.986754,1.22579,2.8045,1959,
00102.jpg,1,1,3,1.40281,0.875357,1090,"data/train/images/00102.jpg",545,980,-0.383617,-0.142344,-0.912456,0.221338,0.945079,-0.240489,-0.142344,-0.912456,-1.17985,-1.17985,1.12192,2.77017,1959,
00103.jpg,1,1,3,1.40281,0.875357,1090,"data/train/images/00103.jpg",545,980,-0.444451,-0.136109,-0.885402,0.201789,0.947775,-0.246991,-0.136109,-0.885402,-1.02019,-1.02019,1.0475,2.87266,1959,
00104.jpg,1,1,3,1.40281,0.875357,1090,"data/train/images/00104.jpg",545,980,-0.61988,-0.0939118,-0.779057,0.174092,0.951612,-0.253234,-0.0939118,-0.779057,-0.423972,-0.423972,0.918385,3.05889,1959,
00105.jpg,1,1,3,1.40281,0.875357,1090,"data/train/images/00105.jpg",545,980,-0.587404,-0.0814537,-0.805184,0.180344,0.95673,-0.22835,-0.0814537,-0.805184,-0.552178,-0.552178,0.848659,3.03338,1959,
00106.jpg,1,1,3,1.40281,0.875357,1090,"data/train/images/00106.jpg",545,980,-0.578534,-0.0852188,-0.811194,0.167947,0.960771,-0.22071,-0.0852188,-0.811194,-0.626318,-0.626318,0.704734,3.07994,1959,
00107.jpg,1,1,3,1.40281,0.875357,1090,"data/train/images/00107.jpg",545,980,-0.650732,-0.0810828,-0.754966,0.145917,0.962396,-0.229132,-0.0810828,-0.754966,-0.370855,-0.370855,0.61236,3.20503,1959,
00108.jpg,1,1,3,1.40281,0.875357,1090,"data/train/images/00108.jpg",545,980,-0.687051,-0.0723861,-0.722995,0.140963,0.962843,-0.230355,-0.0723861,-0.722995,-0.28735,-0.28735,0.577579,3.34121,1959,
00109.jpg,1,1,3,1.40281,0.875357,1090,"data/train/images/00109.jpg",545,980,-0.742437,-0.0135366,-0.66978,0.134494,0.976428,-0.168818,-0.0135366,-0.66978,-0.173923,-0.173923,0.345214,3.55114,1959,
00110.jpg,1,1,3,1.40281,0.875357,1090,"data/train/images/00110.jpg",545,980,-0.761463,0.028599,-0.647577,0.135429,0.983998,-0.11579,0.028599,-0.647577,-0.232324,-0.232324,0.148923,3.69026,1959,
00111.jpg,1,1,3,1.40281,0.875357,1090,"data/train/images/00111.jpg",545,980,-0.826963,0.0491326,-0.560105,0.119568,0.988756,-0.0898008,0.0491326,-0.560105,0.0806208,0.0806208,-0.000557373,3.96209,1959,
00112.jpg,1,1,3,1.40281,0.875357,1090,"data/train/images/00112.jpg",545,980,-0.828912,0.092332,-0.551706,0.111867,0.993722,-0.0017691,0.092332,-0.551706,-0.0125666,-0.0125666,-0.385758,4.16747,1959,
00113.jpg,1,1,3,1.40281,0.875357,1090,"data/train/images/00113.jpg",545,980,-0.842017,0.111182,-0.527869,0.102985,0.993664,0.0450159,0.111182,-0.527869,-0.076061,-0.076061,-0.583934,4.30939,1959,
00114.jpg,1,1,3,1.40281,0.875357,1090,"data/train/images/00114.jpg",545,980,-0.939859,0.0890412,-0.329752,0.0779893,0.995863,0.0466228,0.0890412,-0.329752,0.81579,0.81579,-0.634581,4.33221,1959,
00115.jpg,1,1,3,1.40281,0.875357,1090,"data/train/images/00115.jpg",545,980,-0.944421,0.067843,-0.321662,0.0585252,0.997541,0.0385616,0.067843,-0.321662,0.67614,0.67614,-0.482745,4.43759,1959,
00116.jpg,1,1,3,1.40281,0.875357,1090,"data/train/images/00116.jpg",545,980,-0.953633,0.0127603,-0.300703,0.042737,0.994718,-0.093323,0.0127603,-0.300703,0.709183,0.709183,0.139429,4.52856,1959,
00117.jpg,1,1,3,1.40281,0.875357,1090,"data/train/images/00117.jpg",545,980,-0.948296,-0.00702722,-0.317312,0.0430268,0.987679,-0.15046,-0.00702722,-0.317312,0.589563,0.589563,0.391213,4.54288,1959,
00118.jpg,1,1,3,1.40281,0.875357,1090,"data/train/images/00118.jpg",545,980,-0.93998,-0.00351307,-0.341213,0.0530151,0.986301,-0.156202,-0.00351307,-0.341213,0.30069,0.30069,0.333862,4.5516,1959,
00119.jpg,1,1,3,1.40281,0.875357,1090,"data/train/images/00119.jpg",545,980,-0.940884,0.00867654,-0.338616,0.0626183,0.986897,-0.148704,0.00867654,-0.338616,0.0915932,0.0915932,0.279826,4.42032,1959,
00120.jpg,1,1,3,1.40281,0.875357,1090,"data/train/images/00120.jpg",545,980,-0.971708,0.0235271,-0.235011,0.0583608,0.988089,-0.142388,0.0235271,-0.235011,0.312872,0.312872,0.21057,4.27743,1959,
00121.jpg,1,1,3,1.40281,0.875357,1090,"data/train/images/00121.jpg",545,980,-0.993589,0.0380801,-0.106447,0.0516345,0.990477,-0.127632,0.0380801,-0.106447,0.660691,0.660691,0.0991299,4.08201,1959,
00122.jpg,1,1,3,1.40281,0.875357,1090,"data/train/images/00122.jpg",545,980,-0.998917,0.0455868,-0.00935182,0.0463938,0.991249,-0.123584,0.0455868,-0.00935182,0.8862,0.8862,0.0734497,3.78476,1959,
00123.jpg,1,1,3,1.40281,0.875357,1090,"data/train/images/00123.jpg",545,980,-0.997245,0.0517198,0.0531688,0.0444347,0.990507,-0.130086,0.0517198,0.0531688,0.852071,0.852071,0.079683,3.57296,1959,
00124.jpg,1,1,3,1.40281,0.875357,1090,"data/train/images/00124.jpg",545,980,-0.992345,0.0558159,0.110163,0.0403651,0.989636,-0.137808,0.0558159,0.110163,0.855689,0.855689,0.0910202,3.41383,1959,
00125.jpg,1,1,3,1.40281,0.875357,1090,"data/train/images/00125.jpg",545,980,-0.996525,0.0553735,0.0622204,0.0459971,0.988632,-0.143148,0.0553735,0.0622204,0.53795,0.53795,0.10603,3.40611,1959,
00126.jpg,1,1,3,1.40281,0.875357,1090,"data/train/images/00126.jpg",545,980,-0.997346,0.0534142,0.049482,0.046602,0.990438,-0.129847,0.0534142,0.049482,0.4472,0.4472,0.0324742,3.60001,1959,
00127.jpg,1,1,3,1.40281,0.875357,1090,"data/train/images/00127.jpg",545,980,-0.967134,0.0512023,0.249058,0.0221473,0.992756,-0.118093,0.0512023,0.249058,1.10404,1.10404,-0.0655198,3.75029,1959,
00128.jpg,1,1,3,1.40281,0.875357,1090,"data/train/images/00128.jpg",545,980,-0.879854,0.0472851,0.472886,-0.00483915,0.994095,-0.108406,0.0472851,0.472886,1.96072,1.96072,-0.109863,3.61881,1959,
00129.jpg,1,1,3,1.40281,0.875357,1090,"data/train/images/00129.jpg",545,980,-0.739558,0.0490954,0.6713,-0.0279439,0.994237,-0.103498,0.0490954,0.6713,2.66803,2.66803,-0.0814483,3.22275,1959,
00130.jpg,1,1,3,1.40281,0.875357,1090,"data/train/images/00130.jpg",545,980,-0.729407,0.0566343,0.681732,-0.022805,0.994,-0.106975,0.0566343,0.681732,2.51507,2.51507,-0.107516,3.38365,1959,
00131.jpg,1,1,3,1.40281,0.875357,1090,"data/train/images/00131.jpg",545,980,-0.747486,0.0588019,0.661669,-0.0159299,0.994201,-0.10635,0.0588019,0.661669,2.14115,2.14115,-0.098039,3.55399,1959,
00260.jpg,1,1,3,1.40281,0.875357,1090,"data/train/images/00260.jpg",545,980,0.229519,0.0513831,0.971947,-0.0647895,0.997197,-0.0374184,0.0513831,0.971947,0.354071,0.354071,0.0765037,3.26827,1959,
00132.jpg,1,1,3,1.40281,0.875357,1090,"data/train/images/00132.jpg",545,980,-0.786707,0.0623651,0.614168,-0.00759647,0.993831,-0.110648,0.0623651,0.614168,1.5622,1.5622,-0.0726131,3.75632,1959,
00133.jpg,1,1,3,1.40281,0.875357,1090,"data/train/images/00133.jpg",545,980,-0.823553,0.0703921,0.562855,0.00117775,0.99248,-0.122399,0.0703921,0.562855,0.936765,0.936765,-0.0223028,3.88611,1959,
00134.jpg,1,1,3,1.40281,0.875357,1090,"data/train/images/00134.jpg",545,980,-0.857278,0.0759325,0.509223,0.00797789,0.990905,-0.134327,0.0759325,0.509223,0.298398,0.298398,0.0406481,4.04339,1959,
00135.jpg,1,1,3,1.40281,0.875357,1090,"data/train/images/00135.jpg",545,980,-0.884151,0.0793067,0.460421,0.0153058,0.989875,-0.141113,0.0793067,0.460421,-0.30525,-0.30525,0.0959286,4.14574,1959,
00136.jpg,1,1,3,1.40281,0.875357,1090,"data/train/images/00136.jpg",545,980,-0.902453,0.0799559,0.423303,0.0200673,0.98936,-0.144094,0.0799559,0.423303,-0.861981,-0.861981,0.110741,4.16758,1959,
00137.jpg,1,1,3,1.40281,0.875357,1090,"data/train/images/00137.jpg",545,980,-0.878907,0.0747914,0.471094,0.0110393,0.990556,-0.136666,0.0747914,0.471094,-1.00232,-1.00232,0.0852558,4.23381,1959,
00258.jpg,1,1,3,1.40281,0.875357,1090,"data/train/images/00258.jpg",545,980,0.252367,0.046395,0.966519,-0.0567163,0.997842,-0.0330895,0.046395,0.966519,0.633124,0.633124,0.188573,3.09363,1959,
00138.jpg,1,1,3,1.40281,0.875357,1090,"data/train/images/00138.jpg",545,980,-0.843376,0.071555,0.532539,0.000949357,0.99129,-0.131692,0.071555,0.532539,-1.07439,-1.07439,0.077794,4.34297,1959,
00139.jpg,1,1,3,1.40281,0.875357,1090,"data/train/images/00139.jpg",545,980,-0.829152,0.0731893,0.554211,-0.000393711,0.991316,-0.131503,0.0731893,0.554211,-1.33953,-1.33953,0.0867964,4.4326,1959,
00268.jpg,1,1,3,1.40281,0.875357,1090,"data/train/images/00268.jpg",545,980,-0.52297,0.225846,0.821886,-0.0513659,0.954154,-0.294876,0.225846,0.821886,-2.48497,-2.48497,0.730345,2.85177,1959,
00140.jpg,1,1,3,1.40281,0.875357,1090,"data/train/images/00140.jpg",545,980,-0.843088,0.0593058,0.534496,0.00362579,0.994505,-0.104628,0.0593058,0.534496,-1.83288,-1.83288,0.0173093,4.38799,1959,
00141.jpg,1,1,3,1.40281,0.875357,1090,"data/train/images/00141.jpg",545,980,-0.870303,0.0491317,0.490061,0.0100468,0.996576,-0.0820709,0.0491317,0.490061,-2.40318,-2.40318,-0.0592344,4.28666,1959,
00262.jpg,1,1,3,1.40281,0.875357,1090,"data/train/images/00262.jpg",545,980,0.0610447,0.02649,0.997783,-0.0616464,0.997839,-0.02272,0.02649,0.997783,-0.370189,-0.370189,-0.108342,3.68524,1959,
00142.jpg,1,1,3,1.40281,0.875357,1090,"data/train/images/00142.jpg",545,980,-0.854525,0.0440322,0.517541,0.00210267,0.996685,-0.0813259,0.0440322,0.517541,-2.61456,-2.61456,-0.0446805,4.37633,1959,
00143.jpg,1,1,3,1.40281,0.875357,1090,"data/train/images/00143.jpg",545,980,-0.825139,0.0375352,0.563681,-0.00683108,0.997054,-0.0763929,0.0375352,0.563681,-2.73721,-2.73721,-0.07965,4.50393,1959,
00256.jpg,1,1,3,1.40281,0.875357,1090,"data/train/images/00256.jpg",545,980,0.016781,0.0999057,0.994855,-0.0400086,0.994266,-0.0991716,0.0999057,0.994855,0.118158,0.118158,0.135004,3.20781,1959,
00144.jpg,1,1,3,1.40281,0.875357,1090,"data/train/images/00144.jpg",545,980,-0.736496,0.0294458,0.675801,-0.0260652,0.997075,-0.0718505,0.0294458,0.675801,-2.4004,-2.4004,-0.109763,4.83926,1959,
00145.jpg,1,1,3,1.40281,0.875357,1090,"data/train/images/00145.jpg",545,980,-0.614813,0.017931,0.788469,-0.0447886,0.997334,-0.0576051,0.017931,0.788469,-1.90857,-1.90857,-0.188158,5.1803,1959,
00266.jpg,1,1,3,1.40281,0.875357,1090,"data/train/images/00266.jpg",545,980,-0.461312,-0.000911625,0.887238,-0.0622327,0.99757,-0.0313324,-0.000911625,0.887238,-2.16193,-2.16193,-0.183275,3.07739,1959,
00146.jpg,1,1,3,1.40281,0.875357,1090,"data/train/images/00146.jpg",545,980,-0.451454,0.00605301,0.892274,-0.0622466,0.997327,-0.0382599,0.00605301,0.892274,-1.1958,-1.1958,-0.267591,5.38487,1959,
00147.jpg,1,1,3,1.40281,0.875357,1090,"data/train/images/00147.jpg",545,980,-0.304823,0.00357135,0.952402,-0.0731067,0.996955,-0.0271367,0.00357135,0.952402,-0.69261,-0.69261,-0.247674,5.3975,1959,
00276.jpg,1,1,3,1.40281,0.875357,1090,"data/train/images/00276.jpg",545,980,0.681666,-0.129255,0.720156,-0.0441195,0.97522,0.216795,-0.129255,0.720156,1.32758,1.32758,-0.947811,4.61674,1959,
00148.jpg,1,1,3,1.40281,0.875357,1090,"data/train/images/00148.jpg",545,980,-0.216981,0.00714646,0.97615,-0.077848,0.996662,-0.0246008,0.00714646,0.97615,-0.528079,-0.528079,-0.224678,5.34738,1959,
00149.jpg,1,1,3,1.40281,0.875357,1090,"data/train/images/00149.jpg",545,980,-0.0777922,0.0073071,0.996943,-0.0834129,0.996419,-0.013812,0.0073071,0.996943,-0.0402696,-0.0402696,-0.221182,5.3181,1959,
00270.jpg,1,1,3,1.40281,0.875357,1090,"data/train/images/00270.jpg",545,980,-0.0237426,0.334693,0.942028,-0.0690416,0.939495,-0.335533,0.334693,0.942028,-0.989551,-0.989551,1.26275,3.83946,1959,
00150.jpg,1,1,3,1.40281,0.875357,1090,"data/train/images/00150.jpg",545,980,-0.0154641,0.0018651,0.999879,-0.0846862,0.996403,-0.00316837,0.0018651,0.999879,0.0677231,0.0677231,-0.242375,5.24545,1959,
00151.jpg,1,1,3,1.40281,0.875357,1090,"data/train/images/00151.jpg",545,980,0.156445,0.00298334,0.987682,-0.085418,0.99629,0.0105206,0.00298334,0.987682,0.663368,0.663368,-0.171402,5.11307,1959,
00264.jpg,1,1,3,1.40281,0.875357,1090,"data/train/images/00264.jpg",545,980,-0.0710753,-0.163667,0.983952,-0.0679758,0.984948,0.158922,-0.163667,0.983952,-0.882946,-0.882946,-0.901157,3.77081,1959,
00152.jpg,1,1,3,1.40281,0.875357,1090,"data/train/images/00152.jpg",545,980,0.232763,0.0140647,0.972432,-0.0852048,0.996346,0.00598422,0.0140647,0.972432,0.779015,0.779015,-0.131311,4.98077,1959,
00153.jpg,1,1,3,1.40281,0.875357,1090,"data/train/images/00153.jpg",545,980,0.264169,0.028145,0.964066,-0.083043,0.996526,-0.00633761,0.028145,0.964066,0.598101,0.598101,-0.0538324,5.03521,1959,
00274.jpg,1,1,3,1.40281,0.875357,1090,"data/train/images/00274.jpg",545,980,0.553487,-0.0242611,0.832505,-0.0236382,0.998715,0.0448207,-0.0242611,0.832505,1.01903,1.01903,-0.257048,4.61475,1959,
00154.jpg,1,1,3,1.40281,0.875357,1090,"data/train/images/00154.jpg",545,980,0.300803,0.0322236,0.953142,-0.0806588,0.996708,-0.00824123,0.0322236,0.953142,0.510517,0.510517,-0.0131156,5.2448,1959,
00155.jpg,1,1,3,1.40281,0.875357,1090,"data/train/images/00155.jpg",545,980,0.350211,0.0278573,0.936256,-0.080142,0.996783,0.000319239,0.0278573,0.936256,0.633522,0.633522,-0.0115528,5.53584,1959,
00284.jpg,1,1,3,1.40281,0.875357,1090,"data/train/images/00284.jpg",545,980,0.954351,0.0578325,0.293034,-0.0196769,0.991118,-0.131521,0.0578325,0.293034,1.79272,1.79272,0.631166,3.67671,1959,
00156.jpg,1,1,3,1.40281,0.875357,1090,"data/train/images/00156.jpg",545,980,0.375385,0.0274035,0.926464,-0.0803605,0.996761,0.00307764,0.0274035,0.926464,0.671942,0.671942,0.0124316,5.78443,1959,
00157.jpg,1,1,3,1.40281,0.875357,1090,"data/train/images/00157.jpg",545,980,0.526764,0.0194105,0.84979,-0.0765351,0.996762,0.0246747,0.0194105,0.84979,1.45565,1.45565,0.0182824,5.89598,1959,
00278.jpg,1,1,3,1.40281,0.875357,1090,"data/train/images/00278.jpg",545,980,0.759082,0.0125942,0.650873,-0.0784289,0.9943,0.0722285,0.0125942,0.650873,1.41195,1.41195,0.0170544,4.43532,1959,
00158.jpg,1,1,3,1.40281,0.875357,1090,"data/train/images/00158.jpg",545,980,0.58618,0.0312067,0.809579,-0.0736429,0.997174,0.0148836,0.0312067,0.809579,1.68973,1.68973,0.132192,6.09869,1959,
00159.jpg,1,1,3,1.40281,0.875357,1090,"data/train/images/00159.jpg",545,980,0.661356,0.0386871,0.749074,-0.0706343,0.997443,0.0108484,0.0386871,0.749074,2.17001,2.17001,0.173812,6.27567,1959,
00272.jpg,1,1,3,1.40281,0.875357,1090,"data/train/images/00272.jpg",545,980,0.260538,0.229047,0.9379,-0.0434432,0.973248,-0.225611,0.229047,0.9379,-0.0760662,-0.0760662,0.946153,4.3745,1959,
00160.jpg,1,1,3,1.40281,0.875357,1090,"data/train/images/00160.jpg",545,980,0.742351,0.0397493,0.668831,-0.0655045,0.997762,0.0134069,0.0397493,0.668831,2.71015,2.71015,0.194727,6.29656,1959,
00161.jpg,1,1,3,1.40281,0.875357,1090,"data/train/images/00161.jpg",545,980,0.736326,0.038942,0.675506,-0.0567098,0.998382,0.00426041,0.038942,0.675506,2.3499,2.3499,0.259545,6.48023,1959,
00162.jpg,1,1,3,1.40281,0.875357,1090,"data/train/images/00162.jpg",545,980,0.682796,0.0450375,0.729219,-0.0527825,0.998531,-0.0122482,0.0450375,0.729219,1.56005,1.56005,0.348782,6.66003,1959,
00163.jpg,1,1,3,1.40281,0.875357,1090,"data/train/images/00163.jpg",545,980,0.662583,0.048302,0.74743,-0.0512297,0.998504,-0.0191133,0.048302,0.74743,1.05354,1.05354,0.367193,6.71785,1959,
00292.jpg,1,1,3,1.40281,0.875357,1090,"data/train/images/00292.jpg",545,980,0.978214,0.0311448,0.20525,-0.0162064,0.997122,-0.0740655,0.0311448,0.20525,1.46876,1.46876,0.468021,4.11244,1959,
00164.jpg,1,1,3,1.40281,0.875357,1090,"data/train/images/00164.jpg",545,980,0.748538,0.0415305,0.66179,-0.0497216,0.998742,-0.00643677,0.0415305,0.66179,1.5886,1.5886,0.266275,6.345,1959,
00165.jpg,1,1,3,1.40281,0.875357,1090,"data/train/images/00165.jpg",545,980,0.819345,0.0293795,0.572548,-0.0432835,0.999006,0.0106783,0.0293795,0.572548,1.98779,1.98779,0.186466,5.85477,1959,
00166.jpg,1,1,3,1.40281,0.875357,1090,"data/train/images/00166.jpg",545,980,0.797455,0.0269413,0.602777,-0.0405104,0.999139,0.00893724,0.0269413,0.602777,1.49656,1.49656,0.179402,5.61282,1959,
00167.jpg,1,1,3,1.40281,0.875357,1090,"data/train/images/00167.jpg",545,980,0.805614,0.0291643,0.591722,-0.0402074,0.999176,0.00549484,0.0291643,0.591722,1.28657,1.28657,0.186683,5.32948,1959,
00168.jpg,1,1,3,1.40281,0.875357,1090,"data/train/images/00168.jpg",545,980,0.851422,0.0273256,0.523769,-0.0390106,0.999175,0.0112863,0.0273256,0.523769,1.44384,1.44384,0.172471,4.97788,1959,
00169.jpg,1,1,3,1.40281,0.875357,1090,"data/train/images/00169.jpg",545,980,0.896797,0.0210549,0.44194,-0.0348122,0.999128,0.0230414,0.0210549,0.44194,1.66082,1.66082,0.107412,4.51322,1959,
00290.jpg,1,1,3,1.40281,0.875357,1090,"data/train/images/00290.jpg",545,980,1,-0.000604716,-0.00013643,0.000604568,0.999999,-0.00108212,-0.000604716,-0.00013643,2.2983,2.2983,0.142855,3.71645,1959,
00170.jpg,1,1,3,1.40281,0.875357,1090,"data/train/images/00170.jpg",545,980,0.981232,0.012858,0.192399,-0.0233695,0.998349,0.0524642,0.012858,0.192399,2.54765,2.54765,-0.0104432,3.71321,1959,
00171.jpg,1,1,3,1.40281,0.875357,1090,"data/train/images/00171.jpg",545,980,0.999334,0.00603532,0.0359922,-0.00956434,0.995071,0.098699,0.00603532,0.0359922,2.82954,2.82954,-0.218495,3.13097,1959,
00300.jpg,1,1,3,1.40281,0.875357,1090,"data/train/images/00300.jpg",545,980,0.99315,0.0210643,0.114934,-0.0079274,0.993497,-0.113581,0.0210643,0.114934,2.72111,2.72111,0.660864,4.42541,1959,
00172.jpg,1,1,3,1.40281,0.875357,1090,"data/train/images/00172.jpg",545,980,0.991942,0.0228635,-0.124612,0.0110226,0.964277,0.264667,0.0228635,-0.124612,3.02129,3.02129,-0.683432,2.53328,1959,
00173.jpg,1,1,3,1.40281,0.875357,1090,"data/train/images/00173.jpg",545,980,0.993206,0.0356084,-0.11079,-0.00257594,0.958529,0.284983,0.0356084,-0.11079,2.66802,2.66802,-0.606263,2.53092,1959,
00294.jpg,1,1,3,1.40281,0.875357,1090,"data/train/images/00294.jpg",545,980,0.952,0.041011,0.303337,-0.0204842,0.997298,-0.0705461,0.041011,0.303337,1.43249,1.43249,0.466886,4.43533,1959,
00174.jpg,1,1,3,1.40281,0.875357,1090,"data/train/images/00174.jpg",545,980,0.994938,0.033166,-0.0948587,-0.0174707,0.98668,0.161735,0.033166,-0.0948587,2.31072,2.31072,-0.190462,2.60876,1959,
00175.jpg,1,1,3,1.40281,0.875357,1090,"data/train/images/00175.jpg",545,980,0.992447,0.0143015,-0.121838,-0.0237573,0.996785,-0.0765145,0.0143015,-0.121838,2.08548,2.08548,0.456314,2.44284,1959,
00288.jpg,1,1,3,1.40281,0.875357,1090,"data/train/images/00288.jpg",545,980,0.999546,-0.0149414,-0.0261822,0.0167425,0.997408,0.0699794,-0.0149414,-0.0261822,2.43106,2.43106,-0.197548,3.62666,1959,
00176.jpg,1,1,3,1.40281,0.875357,1090,"data/train/images/00176.jpg",545,980,0.996721,-0.00247864,-0.0808738,-0.0123386,0.983184,-0.182199,-0.00247864,-0.0808738,1.67796,1.67796,0.67468,2.3612,1959,
00177.jpg,1,1,3,1.40281,0.875357,1090,"data/train/images/00177.jpg",545,980,0.99984,-0.0072944,-0.0163582,0.00397255,0.980878,-0.194581,-0.0072944,-0.0163582,1.21839,1.21839,0.669143,2.37304,1959,
00298.jpg,1,1,3,1.40281,0.875357,1090,"data/train/images/00298.jpg",545,980,0.985098,0.0478614,0.165202,-0.0279787,0.992301,-0.120648,0.0478614,0.165202,2.45944,2.45944,0.788086,4.57194,1959,
00178.jpg,1,1,3,1.40281,0.875357,1090,"data/train/images/00178.jpg",545,980,0.999497,-0.0122706,0.0292372,0.0176847,0.981075,-0.192818,-0.0122706,0.0292372,0.833181,0.833181,0.600276,2.28424,1959,
00179.jpg,1,1,3,1.40281,0.875357,1090,"data/train/images/00179.jpg",545,980,0.999488,-0.0299823,-0.0111482,0.0286884,0.994352,-0.102185,-0.0299823,-0.0111482,0.647459,0.647459,0.325231,2.19251,1959,
00180.jpg,1,1,3,1.40281,0.875357,1090,"data/train/images/00180.jpg",545,980,0.986791,-0.0344736,-0.158285,0.0464239,0.996292,0.0724319,-0.0344736,-0.158285,0.670379,0.670379,-0.11699,1.92919,1959,
00181.jpg,1,1,3,1.40281,0.875357,1090,"data/train/images/00181.jpg",545,980,0.964543,-0.000637142,-0.263925,0.0605571,0.973853,0.218961,-0.000637142,-0.263925,0.569417,0.569417,-0.414227,1.76337,1959,
00182.jpg,1,1,3,1.40281,0.875357,1090,"data/train/images/00182.jpg",545,980,0.904819,0.0670963,-0.420476,0.0725465,0.948775,0.307511,0.0670963,-0.420476,0.607688,0.607688,-0.523429,1.57738,1959,
00183.jpg,1,1,3,1.40281,0.875357,1090,"data/train/images/00183.jpg",545,980,0.719763,0.158448,-0.675896,0.0850244,0.946156,0.312347,0.158448,-0.675896,0.903641,0.903641,-0.438863,1.31081,1959,
00296.jpg,1,1,3,1.40281,0.875357,1090,"data/train/images/00296.jpg",545,980,0.929502,0.00225709,0.36881,-0.0238391,0.998258,0.0539718,0.00225709,0.36881,1.42984,1.42984,-0.0728089,4.89609,1959,
00184.jpg,1,1,3,1.40281,0.875357,1090,"data/train/images/00184.jpg",545,980,0.476205,0.109949,-0.872433,0.0688829,0.984439,0.161663,0.109949,-0.872433,1.1551,1.1551,-0.162475,1.0397,1959,
00185.jpg,1,1,3,1.40281,0.875357,1090,"data/train/images/00185.jpg",545,980,0.302766,-0.10109,-0.947688,0.0656389,0.994209,-0.0850821,-0.10109,-0.947688,1.24061,1.24061,0.0913435,0.93876,1959,
00186.jpg,1,1,3,1.40281,0.875357,1090,"data/train/images/00186.jpg",545,980,0.24488,-0.157598,-0.956659,0.0865471,0.986315,-0.14033,-0.157598,-0.956659,1.13546,1.13546,0.172261,0.983614,1959,
00187.jpg,1,1,3,1.40281,0.875357,1090,"data/train/images/00187.jpg",545,980,0.284294,-0.179324,-0.941817,0.0998995,0.982545,-0.156924,-0.179324,-0.941817,0.923734,0.923734,0.168804,1.15849,1959,
00188.jpg,1,1,3,1.40281,0.875357,1090,"data/train/images/00188.jpg",545,980,0.228119,-0.130784,-0.964809,0.113451,0.987757,-0.107071,-0.130784,-0.964809,0.781872,0.781872,0.0690538,1.2406,1959,
00189.jpg,1,1,3,1.40281,0.875357,1090,"data/train/images/00189.jpg",545,980,0.163216,0.0499895,-0.985323,0.131422,0.988713,0.0719312,0.0499895,-0.985323,0.662712,0.662712,-0.206247,1.36683,1959,
00190.jpg,1,1,3,1.40281,0.875357,1090,"data/train/images/00190.jpg",545,980,0.206364,0.106248,-0.97269,0.136408,0.981256,0.136124,0.106248,-0.97269,0.386925,0.386925,-0.285243,1.5736,1959,
00191.jpg,1,1,3,1.40281,0.875357,1090,"data/train/images/00191.jpg",545,980,0.264767,0.133591,-0.955014,0.1255,0.977161,0.171483,0.133591,-0.955014,0.0445218,0.0445218,-0.327804,1.73946,1959,
00192.jpg,1,1,3,1.40281,0.875357,1090,"data/train/images/00192.jpg",545,980,0.32555,0.131876,-0.936283,0.112763,0.977743,0.176924,0.131876,-0.936283,-0.315557,-0.315557,-0.332746,1.95914,1959,
00193.jpg,1,1,3,1.40281,0.875357,1090,"data/train/images/00193.jpg",545,980,0.39043,0.118858,-0.912928,0.100679,0.980171,0.17067,0.118858,-0.912928,-0.710818,-0.710818,-0.300752,2.17743,1959,
00194.jpg,1,1,3,1.40281,0.875357,1090,"data/train/images/00194.jpg",545,980,0.453466,0.0660482,-0.888823,0.0905584,0.988675,0.11967,0.0660482,-0.888823,-1.13002,-1.13002,-0.178703,2.35191,1959,
00195.jpg,1,1,3,1.40281,0.875357,1090,"data/train/images/00195.jpg",545,980,0.507666,0.00645456,-0.86153,0.0830896,0.994944,0.0564155,0.00645456,-0.86153,-1.54415,-1.54415,-0.0461925,2.38234,1959,
00196.jpg,1,1,3,1.40281,0.875357,1090,"data/train/images/00196.jpg",545,980,0.47368,-0.0809072,-0.876973,0.0828375,0.99545,-0.0470944,-0.0809072,-0.876973,-1.62619,-1.62619,0.235444,2.5945,1959,
00197.jpg,1,1,3,1.40281,0.875357,1090,"data/train/images/00197.jpg",545,980,0.314435,-0.257285,-0.913748,0.0822573,0.966334,-0.243786,-0.257285,-0.913748,-1.28495,-1.28495,0.84131,2.90308,1959,
00198.jpg,1,1,3,1.40281,0.875357,1090,"data/train/images/00198.jpg",545,980,0.271345,-0.322377,-0.906887,0.108453,0.946478,-0.304001,-0.322377,-0.906887,-1.32189,-1.32189,1.05313,2.97165,1959,
00199.jpg,1,1,3,1.40281,0.875357,1090,"data/train/images/00199.jpg",545,980,0.148779,-0.296825,-0.943271,0.122872,0.952044,-0.280205,-0.296825,-0.943271,-1.06089,-1.06089,0.943036,3.05886,1959,
00200.jpg,1,1,3,1.40281,0.875357,1090,"data/train/images/00200.jpg",545,980,-0.112839,-0.0741369,-0.990844,0.145081,0.985296,-0.0902439,-0.0741369,-0.990844,-0.396724,-0.396724,0.266829,3.32939,1959,
00201.jpg,1,1,3,1.40281,0.875357,1090,"data/train/images/00201.jpg",545,980,-0.0693658,0.00955889,-0.997546,0.154183,0.988041,-0.00125353,0.00955889,-0.997546,-0.706298,-0.706298,0.00869776,3.22571,1959,
00202.jpg,1,1,3,1.40281,0.875357,1090,"data/train/images/00202.jpg",545,980,-0.117471,0.147903,-0.982001,0.147952,0.980418,0.129966,0.147903,-0.982001,-0.616293,-0.616293,-0.473253,3.11155,1959,
00203.jpg,1,1,3,1.40281,0.875357,1090,"data/train/images/00203.jpg",545,980,-0.218636,0.164171,-0.961897,0.132837,0.981577,0.137337,0.164171,-0.961897,-0.333062,-0.333062,-0.525667,3.14006,1959,
00204.jpg,1,1,3,1.40281,0.875357,1090,"data/train/images/00204.jpg",545,980,-0.43824,0.175381,-0.881582,0.130056,0.982832,0.130872,0.175381,-0.881582,0.319047,0.319047,-0.564022,3.13375,1959,
00205.jpg,1,1,3,1.40281,0.875357,1090,"data/train/images/00205.jpg",545,980,-0.56897,0.169462,-0.804708,0.104541,0.985503,0.133619,0.169462,-0.804708,0.733893,0.733893,-0.51043,2.98636,1959,
00206.jpg,1,1,3,1.40281,0.875357,1090,"data/train/images/00206.jpg",545,980,-0.614138,0.154573,-0.773913,0.0843992,0.987872,0.130332,0.154573,-0.773913,0.811257,0.811257,-0.287814,2.92217,1959,
00207.jpg,1,1,3,1.40281,0.875357,1090,"data/train/images/00207.jpg",545,980,-0.568054,0.140221,-0.810958,0.0719492,0.990067,0.120792,0.140221,-0.810958,0.559463,0.559463,-0.206825,2.9608,1959,
00208.jpg,1,1,3,1.40281,0.875357,1090,"data/train/images/00208.jpg",545,980,-0.561685,0.139152,-0.815565,0.0757348,0.990264,0.116799,0.139152,-0.815565,0.489496,0.489496,-0.0606116,3.01537,1959,
00209.jpg,1,1,3,1.40281,0.875357,1090,"data/train/images/00209.jpg",545,980,-0.567865,0.133181,-0.812276,0.0740664,0.991088,0.110719,0.133181,-0.812276,0.428601,0.428601,0.0528067,3.0905,1959,
00210.jpg,1,1,3,1.40281,0.875357,1090,"data/train/images/00210.jpg",545,980,-0.555592,0.12746,-0.821627,0.0808223,0.991779,0.0992029,0.12746,-0.821627,0.246974,0.246974,0.175014,3.13521,1959,
00211.jpg,1,1,3,1.40281,0.875357,1090,"data/train/images/00211.jpg",545,980,-0.622486,0.100202,-0.77619,0.0816549,0.994673,0.0629211,0.100202,-0.77619,0.424351,0.424351,0.359033,3.15637,1959,
00212.jpg,1,1,3,1.40281,0.875357,1090,"data/train/images/00212.jpg",545,980,-0.638444,0.0665854,-0.766783,0.078521,0.996688,0.021171,0.0665854,-0.766783,0.387435,0.387435,0.573671,3.11202,1959,
00213.jpg,1,1,3,1.40281,0.875357,1090,"data/train/images/00213.jpg",545,980,-0.756218,0.0467531,-0.652647,0.0787596,0.996696,-0.0198588,0.0467531,-0.652647,0.76973,0.76973,0.652692,3.03866,1959,
00214.jpg,1,1,3,1.40281,0.875357,1090,"data/train/images/00214.jpg",545,980,-0.732979,0.0451262,-0.678753,0.0873199,0.995784,-0.0280923,0.0451262,-0.678753,0.555802,0.555802,0.71406,3.09834,1959,
00215.jpg,1,1,3,1.40281,0.875357,1090,"data/train/images/00215.jpg",545,980,-0.70354,0.0483549,-0.709009,0.0975279,0.994812,-0.0289287,0.0483549,-0.709009,0.389545,0.389545,0.635206,3.1561,1959,
00216.jpg,1,1,3,1.40281,0.875357,1090,"data/train/images/00216.jpg",545,980,-0.704863,0.0546672,-0.707234,0.104933,0.994092,-0.0277412,0.0546672,-0.707234,0.33532,0.33532,0.522523,3.13572,1959,
00217.jpg,1,1,3,1.40281,0.875357,1090,"data/train/images/00217.jpg",545,980,-0.772813,0.0597904,-0.631811,0.105646,0.993781,-0.0351789,0.0597904,-0.631811,0.585119,0.585119,0.4189,3.15976,1959,
00218.jpg,1,1,3,1.40281,0.875357,1090,"data/train/images/00218.jpg",545,980,-0.785087,0.0582472,-0.616641,0.105811,0.993546,-0.0408659,0.0582472,-0.616641,0.610264,0.610264,0.371812,3.1716,1959,
00219.jpg,1,1,3,1.40281,0.875357,1090,"data/train/images/00219.jpg",545,980,-0.746393,0.0570353,-0.663057,0.113287,0.992668,-0.0421377,0.0570353,-0.663057,0.350439,0.350439,0.342435,3.2094,1959,
00220.jpg,1,1,3,1.40281,0.875357,1090,"data/train/images/00220.jpg",545,980,-0.701833,0.0600062,-0.70981,0.120222,0.99213,-0.0349982,0.0600062,-0.70981,0.0112197,0.0112197,0.295114,3.1829,1959,
00221.jpg,1,1,3,1.40281,0.875357,1090,"data/train/images/00221.jpg",545,980,-0.646786,0.0656017,-0.759845,0.127644,0.991552,-0.0230451,0.0656017,-0.759845,-0.29501,-0.29501,0.187261,3.18681,1959,
00222.jpg,1,1,3,1.40281,0.875357,1090,"data/train/images/00222.jpg",545,980,-0.591487,0.0715563,-0.803133,0.132936,0.991078,-0.00960254,0.0715563,-0.803133,-0.569267,-0.569267,0.0483018,3.20924,1959,
00223.jpg,1,1,3,1.40281,0.875357,1090,"data/train/images/00223.jpg",545,980,-0.586491,0.0751752,-0.806459,0.134969,0.990833,-0.00579362,0.0751752,-0.806459,-0.662501,-0.662501,-0.00404826,3.20753,1959,
00224.jpg,1,1,3,1.40281,0.875357,1090,"data/train/images/00224.jpg",545,980,-0.805817,0.0725191,-0.587707,0.120306,0.991824,-0.0425696,0.0725191,-0.587707,0.109197,0.109197,-0.112092,3.34788,1959,
00225.jpg,1,1,3,1.40281,0.875357,1090,"data/train/images/00225.jpg",545,980,-0.953476,0.0660111,-0.294152,0.0871782,0.994419,-0.0594237,0.0660111,-0.294152,1.0094,1.0094,-0.26058,3.23911,1959,
00282.jpg,1,1,3,1.40281,0.875357,1090,"data/train/images/00282.jpg",545,980,0.844341,0.141771,0.516711,-0.0337378,0.976513,-0.212799,0.141771,0.516711,1.27245,1.27245,1.06294,3.68793,1959,
00226.jpg,1,1,3,1.40281,0.875357,1090,"data/train/images/00226.jpg",545,980,-0.991298,0.0728248,-0.109655,0.0678567,0.996521,0.048381,0.0728248,-0.109655,1.47578,1.47578,-0.699662,3.0927,1959,
00227.jpg,1,1,3,1.40281,0.875357,1090,"data/train/images/00227.jpg",545,980,-0.998081,0.0619188,-0.000341688,0.0609855,0.983963,0.167626,0.0619188,-0.000341688,1.6712,1.6712,-0.977636,2.88886,1959,
00228.jpg,1,1,3,1.40281,0.875357,1090,"data/train/images/00228.jpg",545,980,-0.998706,0.0434544,-0.0264152,0.0411296,0.995704,0.0829581,0.0434544,-0.0264152,1.4423,1.4423,-0.627239,2.99158,1959,
00229.jpg,1,1,3,1.40281,0.875357,1090,"data/train/images/00229.jpg",545,980,-0.995411,0.0266079,-0.0919218,0.0406367,0.987189,-0.154296,0.0266079,-0.0919218,1.05579,1.05579,0.0758554,3.0999,1959,
00286.jpg,1,1,3,1.40281,0.875357,1090,"data/train/images/00286.jpg",545,980,0.993148,-0.0309066,0.112701,0.0258221,0.998594,0.0462988,-0.0309066,0.112701,2.09551,2.09551,-0.130799,3.71687,1959,
00230.jpg,1,1,3,1.40281,0.875357,1090,"data/train/images/00230.jpg",545,980,-0.987771,0.00292011,-0.155882,0.0554461,0.941042,-0.333714,0.00292011,-0.155882,0.67269,0.67269,0.666842,2.9676,1959,
00231.jpg,1,1,3,1.40281,0.875357,1090,"data/train/images/00231.jpg",545,980,-0.975434,-0.0031717,-0.22027,0.0842885,0.918436,-0.386485,-0.0031717,-0.22027,0.204297,0.204297,0.812377,2.81716,1959,
00280.jpg,1,1,3,1.40281,0.875357,1090,"data/train/images/00280.jpg",545,980,0.900621,0.137571,0.412257,-0.0744921,0.983405,-0.165427,0.137571,0.412257,2.07485,2.07485,1.0843,3.61633,1959,
00232.jpg,1,1,3,1.40281,0.875357,1090,"data/train/images/00232.jpg",545,980,-0.982608,0.031497,-0.183,0.0934966,0.935391,-0.341031,0.031497,-0.183,0.0598453,0.0598453,0.663263,2.75496,1959,
00233.jpg,1,1,3,1.40281,0.875357,1090,"data/train/images/00233.jpg",545,980,-0.99453,0.090459,0.0522263,0.0786409,0.977526,-0.195597,0.090459,0.0522263,0.446037,0.446037,0.166834,2.66789,1959,
00234.jpg,1,1,3,1.40281,0.875357,1090,"data/train/images/00234.jpg",545,980,-0.99279,0.109924,0.0478006,0.100521,0.980726,-0.167547,0.109924,0.0478006,0.161049,0.161049,0.113926,2.52659,1959,
00235.jpg,1,1,3,1.40281,0.875357,1090,"data/train/images/00235.jpg",545,980,-0.993704,0.112034,-0.00112798,0.110863,0.981767,-0.154414,0.112034,-0.00112798,-0.205562,-0.205562,0.108995,2.34329,1959,
00236.jpg,1,1,3,1.40281,0.875357,1090,"data/train/images/00236.jpg",545,980,-0.992143,0.105899,-0.0666154,0.114503,0.983163,-0.142409,0.105899,-0.0666154,-0.626036,-0.626036,0.09533,2.14788,1959,
00237.jpg,1,1,3,1.40281,0.875357,1090,"data/train/images/00237.jpg",545,980,-0.987457,0.0985517,-0.123355,0.114654,0.984719,-0.131086,0.0985517,-0.123355,-1.00014,-1.00014,0.0916152,1.93137,1959,
00238.jpg,1,1,3,1.40281,0.875357,1090,"data/train/images/00238.jpg",545,980,-0.979215,0.0910455,-0.181242,0.113964,0.986171,-0.120332,0.0910455,-0.181242,-1.37242,-1.37242,0.101101,1.67025,1959,
00239.jpg,1,1,3,1.40281,0.875357,1090,"data/train/images/00239.jpg",545,980,-0.967321,0.0826519,-0.239706,0.112527,0.987118,-0.113733,0.0826519,-0.239706,-1.71396,-1.71396,0.0907134,1.37607,1959,
00240.jpg,1,1,3,1.40281,0.875357,1090,"data/train/images/00240.jpg",545,980,-0.968307,0.0740238,-0.238542,0.104512,0.987523,-0.117796,0.0740238,-0.238542,-1.92268,-1.92268,0.0878999,1.12007,1959,
00241.jpg,1,1,3,1.40281,0.875357,1090,"data/train/images/00241.jpg",545,980,-0.989847,0.0675534,-0.125057,0.083395,0.988504,-0.126114,0.0675534,-0.125057,-1.98578,-1.98578,0.0759196,1.17324,1959,
00242.jpg,1,1,3,1.40281,0.875357,1090,"data/train/images/00242.jpg",545,980,-0.991253,0.0654139,0.114624,0.0493972,0.989285,-0.137387,0.0654139,0.114624,-1.79611,-1.79611,0.00744058,1.57898,1959,
00243.jpg,1,1,3,1.40281,0.875357,1090,"data/train/images/00243.jpg",545,980,-0.875971,0.029484,0.481462,-0.000245971,0.998103,-0.0615699,0.029484,0.481462,-0.993677,-0.993677,-0.241212,2.11523,1959,
00244.jpg,1,1,3,1.40281,0.875357,1090,"data/train/images/00244.jpg",545,980,-0.538043,-0.0453863,0.841695,-0.0400276,0.998799,0.0282706,-0.0453863,0.841695,0.217986,0.217986,-0.446236,2.32613,1959,
00245.jpg,1,1,3,1.40281,0.875357,1090,"data/train/images/00245.jpg",545,980,-0.280672,-0.0970539,0.954884,-0.0683439,0.99437,0.0809787,-0.0970539,0.954884,0.813334,0.813334,-0.498962,2.16215,1959,
00246.jpg,1,1,3,1.40281,0.875357,1090,"data/train/images/00246.jpg",545,980,-0.27125,0.0158005,0.962379,-0.0798888,0.996046,-0.0388701,0.0158005,0.962379,0.677809,0.677809,-0.169937,2.25611,1959,
00247.jpg,1,1,3,1.40281,0.875357,1090,"data/train/images/00247.jpg",545,980,-0.215635,0.15921,0.963407,-0.0892265,0.979278,-0.181804,0.15921,0.963407,0.619716,0.619716,0.172021,2.30976,1959,
00248.jpg,1,1,3,1.40281,0.875357,1090,"data/train/images/00248.jpg",545,980,-0.102658,0.173501,0.979469,-0.0871405,0.979317,-0.182607,0.173501,0.979469,0.685266,0.685266,0.161645,2.24103,1959,
00249.jpg,1,1,3,1.40281,0.875357,1090,"data/train/images/00249.jpg",545,980,-0.046436,0.176047,0.983286,-0.0707975,0.981292,-0.179034,0.176047,0.983286,0.578966,0.578966,0.138206,2.28552,1959,
00250.jpg,1,1,3,1.40281,0.875357,1090,"data/train/images/00250.jpg",545,980,0.0160248,0.174311,0.98456,-0.0590826,0.983131,-0.173096,0.174311,0.98456,0.476019,0.476019,0.142516,2.35065,1959,
00251.jpg,1,1,3,1.40281,0.875357,1090,"data/train/images/00251.jpg",545,980,0.128409,0.156914,0.979229,-0.0585378,0.986881,-0.150464,0.156914,0.979229,0.604265,0.604265,0.125385,2.34932,1959,
00252.jpg,1,1,3,1.40281,0.875357,1090,"data/train/images/00252.jpg",545,980,0.185556,0.147911,0.971438,-0.0498906,0.988749,-0.141017,0.147911,0.971438,0.681439,0.681439,0.136591,2.51443,1959,
00253.jpg,1,1,3,1.40281,0.875357,1090,"data/train/images/00253.jpg",545,980,0.110515,0.134405,0.984745,-0.0388131,0.990642,-0.130854,0.134405,0.984745,0.424037,0.424037,0.134844,2.72666,1959,
00254.jpg,1,1,3,1.40281,0.875357,1090,"data/train/images/00254.jpg",545,980,0.0519114,0.131052,0.990015,-0.0365405,0.990937,-0.129259,0.131052,0.990015,0.232761,0.232761,0.152778,2.91795,1959,
00255.jpg,1,1,3,1.40281,0.875357,1090,"data/train/images/00255.jpg",545,980,0.0219401,0.125461,0.991856,-0.0390594,0.991445,-0.124545,0.125461,0.991856,0.167053,0.167053,0.166471,3.04704,1959,
00257.jpg,1,1,3,1.40281,0.875357,1090,"data/train/images/00257.jpg",545,980,0.104058,0.0619498,0.99264,-0.0488693,0.997171,-0.0571097,0.0619498,0.99264,0.313464,0.313464,0.166677,3.23756,1959,
00259.jpg,1,1,3,1.40281,0.875357,1090,"data/train/images/00259.jpg",545,980,0.273219,0.0496137,0.960672,-0.0620147,0.9975,-0.0338785,0.0496137,0.960672,0.587052,0.587052,0.159694,3.10775,1959,
00261.jpg,1,1,3,1.40281,0.875357,1090,"data/train/images/00261.jpg",545,980,0.140742,0.0510377,0.98873,-0.0618969,0.99717,-0.0426626,0.0510377,0.98873,-0.0319441,-0.0319441,-0.0160184,3.46814,1959,
00263.jpg,1,1,3,1.40281,0.875357,1090,"data/train/images/00263.jpg",545,980,-0.000526898,-0.0489451,0.998801,-0.0625213,0.996849,0.0488164,-0.0489451,0.998801,-0.673266,-0.673266,-0.440677,3.86601,1959,
00265.jpg,1,1,3,1.40281,0.875357,1090,"data/train/images/00265.jpg",545,980,-0.321242,-0.172104,0.931227,-0.0765887,0.984848,0.155593,-0.172104,0.931227,-1.70824,-1.70824,-0.887794,3.30722,1959,
00267.jpg,1,1,3,1.40281,0.875357,1090,"data/train/images/00267.jpg",545,980,-0.545877,0.0849489,0.833548,-0.0426239,0.990743,-0.128883,0.0849489,0.833548,-2.56302,-2.56302,0.190234,2.8687,1959,
00269.jpg,1,1,3,1.40281,0.875357,1090,"data/train/images/00269.jpg",545,980,-0.263223,0.322775,0.909137,-0.0797014,0.931872,-0.353923,0.322775,0.909137,-1.7258,-1.7258,1.14683,3.40756,1959,
00271.jpg,1,1,3,1.40281,0.875357,1090,"data/train/images/00271.jpg",545,980,0.0732527,0.280744,0.956983,-0.0446813,0.959522,-0.278068,0.280744,0.956983,-0.695643,-0.695643,1.08773,4.10778,1959,
00273.jpg,1,1,3,1.40281,0.875357,1090,"data/train/images/00273.jpg",545,980,0.406845,0.101662,0.907823,-0.0311517,0.994754,-0.0974362,0.101662,0.907823,0.460939,0.460939,0.365655,4.56587,1959,
00275.jpg,1,1,3,1.40281,0.875357,1090,"data/train/images/00275.jpg",545,980,0.635064,-0.118116,0.763376,-0.0282924,0.984021,0.175793,-0.118116,0.763376,1.29161,1.29161,-0.837442,4.58736,1959,
00277.jpg,1,1,3,1.40281,0.875357,1090,"data/train/images/00277.jpg",545,980,0.694861,-0.109185,0.710807,-0.0663479,0.974458,0.214543,-0.109185,0.710807,1.20147,1.20147,-0.824941,4.54809,1959,
00279.jpg,1,1,3,1.40281,0.875357,1090,"data/train/images/00279.jpg",545,980,0.863328,0.128492,0.488012,-0.0945904,0.991105,-0.0936169,0.128492,0.488012,1.97301,1.97301,0.833324,3.95131,1959,
00281.jpg,1,1,3,1.40281,0.875357,1090,"data/train/images/00281.jpg",545,980,0.88021,0.137468,0.454239,-0.0482142,0.97808,-0.202572,0.137468,0.454239,1.6987,1.6987,1.12555,3.57802,1959,
00283.jpg,1,1,3,1.40281,0.875357,1090,"data/train/images/00283.jpg",545,980,0.884124,0.127601,0.449491,-0.0368756,0.978043,-0.205113,0.127601,0.449491,1.36394,1.36394,0.978834,3.77011,1959,
00285.jpg,1,1,3,1.40281,0.875357,1090,"data/train/images/00285.jpg",545,980,0.988016,-0.00971044,0.154045,0.0114879,0.999877,-0.0106528,-0.00971044,0.154045,2.13013,2.13013,0.104548,3.58974,1959,
00287.jpg,1,1,3,1.40281,0.875357,1090,"data/train/images/00287.jpg",545,980,0.998851,-0.025902,0.0403293,0.0235558,0.998062,0.0576035,-0.025902,0.0403293,2.23906,2.23906,-0.193217,3.71602,1959,
00289.jpg,1,1,3,1.40281,0.875357,1090,"data/train/images/00289.jpg",545,980,0.997028,-0.00647057,-0.0767648,0.0108646,0.998317,0.0569611,-0.00647057,-0.0767648,2.58707,2.58707,-0.0931581,3.52055,1959,
00291.jpg,1,1,3,1.40281,0.875357,1090,"data/train/images/00291.jpg",545,980,0.989308,0.0127144,0.145287,-0.00965088,0.999716,-0.0217712,0.0127144,0.145287,1.73068,1.73068,0.242387,4.0186,1959,
00293.jpg,1,1,3,1.40281,0.875357,1090,"data/train/images/00293.jpg",545,980,0.97568,0.0362449,0.216181,-0.0186169,0.996373,-0.0830291,0.0362449,0.216181,1.51743,1.51743,0.507886,4.14825,1959,
00295.jpg,1,1,3,1.40281,0.875357,1090,"data/train/images/00295.jpg",545,980,0.930722,0.026837,0.364741,-0.024077,0.999637,-0.0121135,0.026837,0.364741,1.38384,1.38384,0.21199,4.70262,1959,
00297.jpg,1,1,3,1.40281,0.875357,1090,"data/train/images/00297.jpg",545,980,0.971748,0.0197765,0.235193,-0.022716,0.999694,0.00979526,0.0197765,0.235193,2.1401,2.1401,0.186164,4.72634,1959,
00299.jpg,1,1,3,1.40281,0.875357,1090,"data/train/images/00299.jpg",545,980,0.98756,0.0368688,0.152858,-0.0177476,0.992046,-0.124618,0.0368688,0.152858,2.53346,2.53346,0.758627,4.52239,1959,
00301.jpg,1,1,3,1.40281,0.875357,1090,"data/train/images/00301.jpg",545,980,0.987095,0.0117543,0.159706,-0.000481623,0.997516,-0.0704399,0.0117543,0.159706,2.52042,2.52042,0.445063,4.56443,1959,
